id,v,v_err
GC-39,14.728960068829865,7.046858966028704
GC-59,-3.8926505316836715,15.641403662859219
GC-71,2.0484049489377583,6.883925810744802
GC-73,10.576494786228665,3.2586631056780107
GC-77,1.1716309895635035,5.906326879041401
GC-85,-1.9077877208626857,5.3767941243687225
GC-91,-1.2121402228903977,9.69434349499684
GC-92,-14.32028284765569,6.761636322084257
GC-98,-39.335899515592,12.586586245681328
GC-101,-3.3753512069869345,13.523451888563756
